{
  "n_groups": 7,
  "n_materials": 7,
  "materials": [
    {
      "id": 0,
      "name": "UO2",
      "diffusion": [1.873196, 1.010708, 0.693890, 0.601280, 1.069058, 0.843523, 0.590591],
      "sigma_rem": [0.050412, 0.005349, 0.029448, 0.101802, 0.040400, 0.129366, 0.291326],
      "nu_sigma_f": [0.020060, 0.002027, 0.015706, 0.045183, 0.043342, 0.202090, 0.525711],
      "chi": [0.587910, 0.411760, 0.000339, 1.1761e-7, 0.0, 0.0, 0.0],
      "sigma_s": [
        [0.0, 0.042378, 9.4374e-6, 5.5163e-9, 0.0, 0.0, 0.0],
        [0.0, 0.0, 0.0016314, 3.1427e-9, 0.0, 0.0, 0.0],
        [0.0, 0.0, 0.0, 0.0026792, 0.0, 0.0, 0.0],
        [0.0, 0.0, 0.0, 0.0, 0.0055664, 0.0, 0.0],
        [0.0, 0.0, 0.0, 0.00012525, 0.0, 0.010255, 1.0021e-8],
        [0.0, 0.0, 0.0, 0.0, 0.0012968, 0.0, 0.016809],
        [0.0, 0.0, 0.0, 0.0, 0.0, 0.0085458, 0.0]
      ],
      "discontinuity_factors": [1.0, 1.0, 1.0, 1.0, 1.0, 1.0, 1.0]
    },
    {
      "id": 1,
      "name": "4.3% MOX",
      "diffusion": [1.864990, 1.007504, 0.689030, 0.587970, 0.782056, 0.490915, 0.488144],
      "sigma_rem": [0.049855, 0.005397, 0.030584, 0.109749, 0.149413, 0.426035, 0.417845],
      "nu_sigma_f": [0.021753, 0.002535, 0.016268, 0.065474, 0.030724, 0.666651, 0.713990],
      "chi": [0.587910, 0.411760, 0.000339, 1.1761e-7, 0.0, 0.0, 0.0],
      "sigma_s": [
        [0.0, 0.041413, 8.229e-6, 5.0405e-9, 0.0, 0.0, 0.0],
        [0.0, 0.0, 0.0016395, 1.5982e-9, 0.0, 0.0, 0.0],
        [0.0, 0.0, 0.0, 0.0026142, 0.0, 0.0, 0.0],
        [0.0, 0.0, 0.0, 0.0, 0.0055394, 0.0, 0.0],
        [0.0, 0.0, 0.0, 0.00016046, 0.0, 0.0093127, 9.1656e-9],
        [0.0, 0.0, 0.0, 0.0, 0.0020051, 0.0, 0.014850],
        [0.0, 0.0, 0.0, 0.0, 0.0, 0.0084948, 0.0]
      ],
      "discontinuity_factors": [1.0, 1.0, 1.0, 1.0, 1.0, 1.0, 1.0]
    },
    {
      "id": 2,
      "name": "7.0% MOX",
      "diffusion": [1.838340, 0.996906, 0.675051, 0.563810, 0.702943, 0.399872, 0.390494],
      "sigma_rem": [0.050866, 0.005940, 0.035414, 0.127507, 0.191885, 0.583850, 0.594074],
      "nu_sigma_f": [0.023814, 0.003859, 0.024134, 0.094366, 0.045770, 0.928181, 1.043200],
      "chi": [0.587910, 0.411760, 0.000339, 1.1761e-7, 0.0, 0.0, 0.0],
      "sigma_s": [
        [0.0, 0.041792, 8.5105e-6, 5.1329e-9, 0.0, 0.0, 0.0],
        [0.0, 0.0, 0.0016436, 2.2017e-9, 0.0, 0.0, 0.0],
        [0.0, 0.0, 0.0, 0.0025331, 0.0, 0.0, 0.0],
        [0.0, 0.0, 0.0, 0.0, 0.0054766, 0.0, 0.0],
        [0.0, 0.0, 0.0, 0.00017619, 0.0, 0.0087289, 9.0016e-9],
        [0.0, 0.0, 0.0, 0.0, 0.0022760, 0.0, 0.013114],
        [0.0, 0.0, 0.0, 0.0, 0.0, 0.0088645, 0.0]
      ],
      "discontinuity_factors": [1.0, 1.0, 1.0, 1.0, 1.0, 1.0, 1.0]
    },
    {
      "id": 3,
      "name": "8.7% MOX",
      "diffusion": [1.821046, 0.989986, 0.665991, 0.549897, 0.663014, 0.361885, 0.348921],
      "sigma_rem": [0.051541, 0.006302, 0.038715, 0.138153, 0.216983, 0.673414, 0.699138],
      "nu_sigma_f": [0.025186, 0.004740, 0.029478, 0.112250, 0.055303, 1.075000, 1.239298],
      "chi": [0.587910, 0.411760, 0.000339, 1.1761e-7, 0.0, 0.0, 0.0],
      "sigma_s": [
        [0.0, 0.042046, 8.6972e-6, 5.1938e-9, 0.0, 0.0, 0.0],
        [0.0, 0.0, 0.0016463, 2.6006e-9, 0.0, 0.0, 0.0],
        [0.0, 0.0, 0.0, 0.0024749, 0.0, 0.0, 0.0],
        [0.0, 0.0, 0.0, 0.0, 0.0054330, 0.0, 0.0],
        [0.0, 0.0, 0.0, 0.00018597, 0.0, 0.0083973, 8.928e-9],
        [0.0, 0.0, 0.0, 0.0, 0.0023916, 0.0, 0.012322],
        [0.0, 0.0, 0.0, 0.0, 0.0, 0.0089681, 0.0]
      ],
      "discontinuity_factors": [1.0, 1.0, 1.0, 1.0, 1.0, 1.0, 1.0]
    },
    {
      "id": 4,
      "name": "Guide Tube",
      "diffusion": [2.644831, 1.137036, 1.172718, 1.186408, 0.996691, 0.589303, 0.284378],
      "sigma_rem": [0.059866, 0.052783, 0.100943, 0.202109, 0.234703, 0.248875, 0.073030],
      "nu_sigma_f": [0.0, 0.0, 0.0, 0.0, 0.0, 0.0, 0.0],
      "chi": [0.0, 0.0, 0.0, 0.0, 0.0, 0.0, 0.0],
      "sigma_s": [
        [0.0, 0.0590700, 0.00028334, 1.4622e-6, 2.0642e-8, 0.0, 0.0],
        [0.0, 0.0, 0.0524350, 0.0002499, 0.000019239, 2.9875e-6, 4.214e-7],
        [0.0, 0.0, 0.0, 0.0923970, 0.0069446, 0.0010803, 0.00020567],
        [0.0, 0.0, 0.0, 0.0, 0.170140, 0.0258810, 0.0049297],
        [0.0, 0.0, 0.0, 0.00003733, 0.0, 0.206790, 0.0244780],
        [0.0, 0.0, 0.0, 0.0, 0.00091726, 0.0, 0.238770],
        [0.0, 0.0, 0.0, 0.0, 0.0, 0.0497920, 0.0]
      ],
      "discontinuity_factors": [1.0, 1.0, 1.0, 1.0, 1.0, 1.0, 1.0]
    },
    {
      "id": 5,
      "name": "Moderator",
      "diffusion": [2.093723, 0.807161, 0.564673, 0.570434, 0.464253, 0.265721, 0.125768],
      "sigma_rem": [0.114728, 0.130636, 0.245054, 0.493322, 0.578862, 0.554537, 0.169680],
      "nu_sigma_f": [0.0, 0.0, 0.0, 0.0, 0.0, 0.0, 0.0],
      "chi": [0.0, 0.0, 0.0, 0.0, 0.0, 0.0, 0.0],
      "sigma_s": [
        [0.0, 0.113400, 0.00072347, 3.7499e-6, 5.3184e-8, 0.0, 0.0],
        [0.0, 0.0, 0.129940, 0.0006234, 0.000048002, 7.4486e-6, 1.0455e-6],
        [0.0, 0.0, 0.0, 0.224570, 0.0169990, 0.0026443, 0.00050344],
        [0.0, 0.0, 0.0, 0.0, 0.415510, 0.0637320, 0.0121390],
        [0.0, 0.0, 0.0, 0.000071437, 0.0, 0.511820, 0.0612290],
        [0.0, 0.0, 0.0, 0.0, 0.0022157, 0.0, 0.537320],
        [0.0, 0.0, 0.0, 0.0, 0.0, 0.132440, 0.0]
      ],
      "discontinuity_factors": [1.0, 1.0, 1.0, 1.0, 1.0, 1.0, 1.0]
    },
    {
      "id": 6,
      "name": "Fission Chamber",
      "diffusion": [2.644831, 1.137036, 1.172675, 1.186155, 0.996631, 0.589303, 0.284380],
      "sigma_rem": [0.059866, 0.052783, 0.100825, 0.201943, 0.234703, 0.248866, 0.073040],
      "nu_sigma_f": [1.3234e-8, 1.4345e-8, 1.1286e-6, 1.2763e-5, 3.5385e-7, 1.7401e-6, 5.0633e-6],
      "chi": [0.587910, 0.411760, 0.000339, 1.1761e-7, 0.0, 0.0, 0.0],
      "sigma_s": [
        [0.0, 0.0590700, 0.00028334, 1.4622e-6, 2.0642e-8, 0.0, 0.0],
        [0.0, 0.0, 0.0524350, 0.0002499, 0.000019239, 2.9875e-6, 4.214e-7],
        [0.0, 0.0, 0.0, 0.0922880, 0.0069365, 0.0010790, 0.00020543],
        [0.0, 0.0, 0.0, 0.0, 0.169990, 0.0258600, 0.0049256],
        [0.0, 0.0, 0.0, 0.00003734, 0.0, 0.206790, 0.0244780],
        [0.0, 0.0, 0.0, 0.0, 0.00091742, 0.0, 0.238760],
        [0.0, 0.0, 0.0, 0.0, 0.0, 0.0497930, 0.0]
      ],
      "discontinuity_factors": [1.0, 1.0, 1.0, 1.0, 1.0, 1.0, 1.0]
    }
  ],


  "geometry": {
    "dimension": 2,
    "pin_pitch_x": 1.26,
    "pin_pitch_y": 1.26,
    "assembly_height": 200.0,
    "explicit_pins": {
      "enabled": true,
      "radius": 0.54,
      "moderator_material": 5,
      "expected_refinements": 0
    },
    "assemblies": {
      "UO2": [
        [0, 0, 0, 0, 0, 0, 0, 0, 0, 0, 0, 0, 0, 0, 0, 0, 0],
        [0, 0, 0, 0, 0, 0, 0, 0, 0, 0, 0, 0, 0, 0, 0, 0, 0],
        [0, 0, 0, 0, 0, 4, 0, 0, 4, 0, 0, 4, 0, 0, 0, 0, 0],
        [0, 0, 0, 4, 0, 0, 0, 0, 0, 0, 0, 0, 0, 4, 0, 0, 0],
        [0, 0, 0, 0, 0, 0, 0, 0, 0, 0, 0, 0, 0, 0, 0, 0, 0],
        [0, 0, 4, 0, 0, 4, 0, 0, 4, 0, 0, 4, 0, 0, 4, 0, 0],
        [0, 0, 0, 0, 0, 0, 0, 0, 0, 0, 0, 0, 0, 0, 0, 0, 0],
        [0, 0, 0, 0, 0, 0, 0, 0, 0, 0, 0, 0, 0, 0, 0, 0, 0],
        [0, 0, 4, 0, 0, 4, 0, 0, 6, 0, 0, 4, 0, 0, 4, 0, 0],
        [0, 0, 0, 0, 0, 0, 0, 0, 0, 0, 0, 0, 0, 0, 0, 0, 0],
        [0, 0, 0, 0, 0, 0, 0, 0, 0, 0, 0, 0, 0, 0, 0, 0, 0],
        [0, 0, 4, 0, 0, 4, 0, 0, 4, 0, 0, 4, 0, 0, 4, 0, 0],
        [0, 0, 0, 0, 0, 0, 0, 0, 0, 0, 0, 0, 0, 0, 0, 0, 0],
        [0, 0, 0, 4, 0, 0, 0, 0, 0, 0, 0, 0, 0, 4, 0, 0, 0],
        [0, 0, 0, 0, 0, 4, 0, 0, 4, 0, 0, 4, 0, 0, 0, 0, 0],
        [0, 0, 0, 0, 0, 0, 0, 0, 0, 0, 0, 0, 0, 0, 0, 0, 0],
        [0, 0, 0, 0, 0, 0, 0, 0, 0, 0, 0, 0, 0, 0, 0, 0, 0]
      ],