{
  "n_groups": 2,
  "n_materials": 4,
  "materials": [
    {
      "id": 0,
      "name": "Zone 1 (Inner Core)",
      "diffusion": [1.5, 0.4],
      "sigma_rem": [0.030120, 0.080032],
      "nu_sigma_f": [0.000, 0.135],
      "chi": [1.0, 0.0],
      "sigma_s": [
        [0.0, 0.020],
        [0.0, 0.0]
      ],
      "discontinuity_factors": [1.0, 1.0]
    },
    {
      "id": 1,
      "name": "Zone 2 (Outer Core)",
      "diffusion": [1.5, 0.4],
      "sigma_rem": [0.030120, 0.085032],
      "nu_sigma_f": [0.000, 0.135],
      "chi": [1.0, 0.0],
      "sigma_s": [
        [0.0, 0.020],
        [0.0, 0.0]
      ],
      "discontinuity_factors": [1.0, 1.0]
    },
    {
      "id": 2,
      "name": "Zone 3 (Perturbed/Rodded)",
      "diffusion": [1.5, 0.4],
      "sigma_rem": [0.030120, 0.130032],
      "nu_sigma_f": [0.000, 0.135],
      "chi": [1.0, 0.0],
      "sigma_s": [
        [0.0, 0.020],
        [0.0, 0.0]
      ],
      "discontinuity_factors": [1.0, 1.0]
    },
    {
      "id": 3,
      "name": "Zone 4 (Reflector)",
      "diffusion": [2.0, 0.3],
      "sigma_rem": [0.040160, 0.010024],
      "nu_sigma_f": [0.000, 0.000],
      "chi": [1.0, 0.0],
      "sigma_s": [
        [0.0, 0.040],
        [0.0, 0.0]
      ],
      "discontinuity_factors": [1.0, 1.0]
    }
  ],
  "geometry": {
    "dimension": 2,
    "pin_pitch_x": 20.0,
    "pin_pitch_y": 20.0,
    "assembly_height": 200.0,
    "assemblies": {
      "IAEA_2D_Core": [
        [-1, -1, -1, -1, -1, 3, 3, 3, 3, 3, 3, 3, -1, -1, -1, -1, -1],
        [-1, -1, -1, 3, 3, 3, 0, 0, 0, 0, 0, 3, 3, 3, -1, -1, -1],
        [-1, -1, 3, 3, 0, 0, 0, 1, 1, 1, 0, 0, 0, 3, 3, -1, -1],
        [-1, 3, 3, 0, 0, 1, 1, 1, 1, 1, 1, 1, 0, 0, 3, 3, -1],
        [-1, 3, 0, 0, 2, 1, 1, 1, 2, 1, 1, 1, 2, 0, 0, 3, -1],
        [3, 3, 0, 1, 1, 1, 1, 1, 1, 1, 1, 1, 1, 1, 0, 3, 3],
        [3, 0, 0, 1, 1, 1, 1, 1, 1, 1, 1, 1, 1, 1, 0, 0, 3],
        [3, 0, 1, 1, 1, 1, 1, 1, 1, 1, 1, 1, 1, 1, 1, 0, 3],
        [3, 0, 1, 1, 2, 1, 1, 1, 2, 1, 1, 1, 2, 1, 1, 0, 3],
        [3, 0, 1, 1, 1, 1, 1, 1, 1, 1, 1, 1, 1, 1, 1, 0, 3],
        [3, 0, 0, 1, 1, 1, 1, 1, 1, 1, 1, 1, 1, 1, 0, 0, 3],
        [3, 3, 0, 1, 1, 1, 1, 1, 1, 1, 1, 1, 1, 1, 0, 3, 3],
        [-1, 3, 0, 0, 2, 1, 1, 1, 2, 1, 1, 1, 2, 0, 0, 3, -1],
        [-1, 3, 3, 0, 0, 1, 1, 1, 1, 1, 1, 1, 0, 0, 3, 3, -1],
        [-1, -1, 3, 3, 0, 0, 0, 1, 1, 1, 0, 0, 0, 3, 3, -1, -1],
        [-1, -1, -1, 3, 3, 3, 0, 0, 0, 0, 0, 3, 3, 3, -1, -1, -1],
        [-1, -1, -1, -1, -1, 3, 3, 3, 3, 3, 3, 3, -1, -1, -1, -1, -1]
      ]
    },
    "core_map": [
      [["IAEA_2D_Core"]]
    ],
    "boundary_conditions": [
      { "type": "albedo", "value": 0.0 },
      { "type": "albedo", "value": 0.0 },
      { "type": "albedo", "value": 0.0 },
      { "type": "albedo", "value": 0.0 }
    ]
  }
}